sku,name,price,aisle,,
79226,3 SONS BREWING ANTIQUE ALLEY AMBER ALE,4 FOR $10.99,BEER,,
76483,UNIBROUE LA FIN DU MONDE CAN,4 FOR $12.99,BEER,,
79228,3 SONS BREWING CITRUS MACHINE HAZY IPA,4 FOR $14.99,BEER,,
79433,TRIPPING ANIMALS BREWING EVERYHAZE IPA,4 FOR $18.99,BEER,,
79230,KING STATE BREWING GREEN DART PILSNER,4 FOR $12.99,BEER,,
75112,DRIVE THRU RED DRY HOPPED RED ALE CAN,6 FOR $8.49,BEER,,
62590,SIMPLER TIMES LAGER 12PK,12 FOR $9.99,BEER,,
59714,BOATSWAIN AMERICAN IPA,6 FOR $6.49,BEER,,
58268,BOATSWAIN DOUBLE IPA,6 FOR $6.49,BEER,,
72565,BOATSWAIN HAZY IPA,6 FOR $6.49,BEER,,
75191,STOCKYARD OATMEAL STOUT CAN,6 FOR $8.99,BEER,,
75189,JOSEPHSBRAU BAVARIAN HEFEWEIZEN CAN,6 FOR $7.99,BEER,,
75114,HENRY HOTSPURS HARD PRESSED CIDER CAN,6 FOR $9.99,BEER,,
96729,TRADER JOES DARK BEER,6 FOR $9.99,BEER,,
96728,TRADER JOES LAGER BEER,6 FOR $9.99,BEER,,
96730,TRADER JOES LIGHT BEER,6 FOR $9.99,BEER,,
79021,HIGH NOON SNOWBIRD VODKA SELTZER VARIETY 8PK,8 FOR $19.99,BEER,,
77012,HIGH NOON TEQUILA VARIETY PK,8 FOR $21.99,BEER,,
72914,MAMITAS VARIETY PACK,8 FOR $18.99,BEER,,
76974,MOM WATER VARIETY PACK,8 FOR $19.99,BEER,,
72748,ONDA VARIETY PACK,8 FOR $19.99,BEER,,
52437,CHARLES SHAW CAB,$4.49,WINE,,
52435,CHARLES SHAW CHARD,$4.49,WINE,,
63493,SHAW PINOT GRIGIO ORG GROWN,$3.99,WINE,,
63438,SHAW PINOT NOIR ORG GROWN,$3.99,WINE,,
68120,SHAW RED BLEND ORG GROWN,$3.99,WINE,,
52436,CHARLES SHAW MERLOT,$4.49,WINE,,
90061,CHARLES SHAW PINOT GRIGIO,$4.49,WINE,,
49356,CHARLES SHAW SAUV BLANC,$4.49,WINE,,
67809,CHARLES SHAW SHIRAZ,$4.49,WINE,,
92700,CHARLES SHAW WHITE ZIN,$4.49,WINE,,
65960,BARREL HEIST CAB SAUV BRBN BRL,$7.99,WINE,
54185,BLOCK 67 RED WIN CAB 3L BOX,$14.99,WINE,,
98339,CARETAKER CAB PASO,$9.99,WINE,,
71768,COCOBON ESTATES CAB SAUV,$7.99,WINE,,
61916,CORVELIA CAB SAUV PASO ROBLES,$10.99,WINE,,
78322,EIGHTEEN SQUARE YOUNTVILLE CABERNET SAUVIGNON,$24.99,WINE,,
93500,LIBERTE CAB PASO,$9.99,WINE,,
64472,MOON X CAB SAUV,$7.99,WINE,,
76075,MOTIF RED HILLS LAKE COUNTY CABERNET SAUVIGNON,$5.99,WINE,,
69083,PASO DRAGON CAB SAUV PASO ROBLES,$8.99,WINE,,
55762,RARE EARTH CAB MADE WITH ORG GRAPES,$8.99,WINE,,
77652,ROCK STATION NAPA VALLEY CABERNET SAUVIGNON,$14.99,WINE,,
76799,TJ GRAND RES CAB ALEXANDER VALLEY,$12.99,WINE,,
95364,TJ GROW RES CAB ORG GROWN,$6.99,WINE,,
71929,TJ PET RES CAB SAUV SONOMA,$7.99,WINE,,
40619,TJS COASTAL CAB,$5.99,WINE,,
78473,TJS RESERVE CABERNET WAHLUKE W ORG GRAPES,$9.99,WINE,,
78466,TRADING POST BY TJS CABERNET SAUVIGNON NAPA VALLEY,$19.99,WINE,,
91793,VELVET MOON CAB,$6.99,WINE,,
77882,VINTJS PASO ROBLES CABERNET SAUVIGNON 2021,$7.99,WINE,,
68483,BLOCK PINOT NOIR,$14.99,WINE,,
99318,CARETAKER PINOT NOIR,$9.99,WINE,,
56080,CHERRY BLOSSOM PINOT NOIR CALIFORNIA,$5.49,WINE,,
65218,CHROMATIC PINOT NOIR MONTEREY,$10.99,WINE,,
53795,COTILLION TRICOUNTY PINOT NOIR CA,$10.99,WINE,,
76351,GEARBOX PINOT NOIR,$5.99,WINE,,
94049,LIBERTE PINOT NOIR SAN LUIS OBISPO,$10.99,WINE,,
57636,MOON X BLACK PINOT NOIR,$7.99,WINE,,
59640,PETIOLE PINOT NOIR,$9.99,WINE,,
94250,TJ GR RES PINOT NOIR CARNEROS LOT 23,$12.99,WINE,,
72000,TJ GR RES PINOT NOIR NAPA CARNEROS LOT 104,$12.99,WINE,,
75738,TJ GR RES PINOT NOIR NAPA CARNEROS LOT 115,$12.99,WINE,,
74894,TJ GR RES PINOT NOIR SAN LUIS OBISPO LOT 112,$12.99,WINE,,
76350,TJ PET RES PINOT NOIR ARROYO SECCO,$7.99,WINE,,
60349,TJ PLAT RES PINOT NOIR CARNEROS LOT 79,$14.99,WINE,,
74164,TJ RES PINOT NOIR EDNA VALLEY LOT 228 2020,$9.99,WINE,,
72595,TJ PINOT NOIR NAPA CARNEROS LOT 220,$9.99,WINE,,
77032,TJS GRAND RESERVE PINOT NOIR SANTA LUCIA HIGHLANDS,$12.99,WINE,,
91467,CHARIOT RED,$5.99,WINE,,
65027,COCOBON RED RSTD OAK,$7.99,WINE,,
95906,COCOBON RED WINE,$7.99,WINE,,
97152,GREEN FIN RED BLEND ORGANICALLY GROWN,$5.99,WINE,,
54813,MOON X DARK RED BLEND,$7.99,WINE,,
65959,PHIGMENT RED BLEND,$6.99,WINE,,
65219,RAIN CLOUD DARK RED 2016,$6.99,WINE,,
72658,RATIFIED AND REPEALED RED BLEND,$10.99,WINE,,
54468,ROULE ROUGE ORG TABLE WINE NO SULFITES ADDED,$6.99,WINE,,
93301,ROUSTABOUT PASO MERITAGE,$8.99,WINE,,
56200,TERRAIN RED BLEND CALIFORNIA,$5.49,WINE,,
58592,TJ GR RES MERITAGE NAPA LOT 86,$12.99,WINE,,
95635,TRIBUNAL RED WIN NORTH COAST,$9.99,WINE,,
83080,WELL READ RED NO ADDED SULFITES,$6.99,WINE,,
68097,MONTERRA MERLOT MONTEREY,$6.99,WINE,,
74977,OAKVILLE BENCH MERLOT,$16.99,WINE,,
69652,OLD MOON OLD VINE ZIN,$6.99,WINE,,
75214,ROUGH AND READY CAB FRANC VS CAB SAUV,$8.99,WINE,,
69781,ROUGH AND READY PET VERDOT VS PET SIRAH,$8.99,WINE,,
71851,THE ORIGINALS SYRAH WA,$5.99,WINE,,
76797,TJ GRAND RES ZIN DRY CREEK VALLEY,$12.99,WINE,,
77651,TJ GRAND RESERVE MERLOT SANT YNEZ VALLEY,$12.99,WINE,,
96927,TJ GROWERS RES MERLOT ORG GROWN,$6.99,WINE,,
92145,TJ GROWERS RES ZIN ORG GROWN,$5.99,WINE,,
77231,TJ PETIT RESERVE ZINFANDEL AMADOR COUNTY 2021,$7.99,WINE,,
71629,TJ PLAT RES SYRAH SAN LUIS OBISPO LOT 99,$14.99,WINE,,
75739,TJ RES MERITAGE PASO ROBLES LOT 239,$9.99,WINE,,
75720,TJ RES SYRAH WAHLUKE SLOPE LOT 237,$9.99,WINE,,
77936,TJ RESERVE SANTA YNEZ VALLEY GSM 2022 LOT 248,$9.99,WINE,,
40621,TJS COASTAL MERLOT,$4.99,WINE,,
99382,TJS COASTAL ZIN,$4.99,WINE,,
78289,TJS RESERVE MERITAGE PASO ROBLES LOT 249,$9.99,WINE,,
56983,BIG CHURN CHARD CALIFORNIA,$6.99,WINE,,
71266,HIGH GUARD CHARD,$6.99,WINE,,
96128,PURPLE MOON CHARD,$4.99,WINE,,
61457,REBUTTEL CHARD CALIFORNIA,$6.99,WINE,,
77653,ROCK STATION NAPA VALLEY CHARDONNAY,$12.99,WINE,,
69136,SANBORN CHARD SANTA RITA HILLS,$8.99,WINE,,
78702,TJ GRAND RES CHARD RUSSIAN RIVER VALLEY LOT 128,$12.99,WINE,,
74151,TJ PET RES CHARD MONTEREY COUNTY 2020,$7.99,WINE,,
75343,TJ PET RES CHARD PASO ROBLES,$7.99,WINE,,
40620,TJS COASTAL CHARD,$4.99,WINE,,
77884,VINTJS CHARDONNAY SONOMA COUNTY 2021,$8.99,WINE,,
94750,BAY MOON SAUV BLANC MONTEREY,$5.99,WINE,,
56729,BLOCK 67 WHITE WINE SAUV BLANC 3L BOX,$14.99,WINE,,
57113,MONIQUE CELLARS SAUV BLANC CENTRAL COAST,$6.99,WINE,,
94120,TJ GROWERS RES SAUV BLANC ORG GROWN,$6.99,WINE,,
77881,TJ RESERVE SAUV BLANC RUSSIAN RIVER VALLEY LOT 246,$9.99,WINE,,
97422,TJS COASTAL SAUV BLANC,$4.99,WINE,,
98052,VENETIAN MOON PINOT GRIGIO,$6.99,WINE,,
69653,HONEY MOON VIOGNIER,$6.99,BEER,,
58764,LA VIDA BONITA MARGARITA,$13.99,BEER,,
70780,LOVE OLIVIA PEACH,$4.99,BEER,,
70782,LOVE OLIVIA WATERMELON,$4.99,BEER,,
64811,TJ PET RES MONTEREY GEWURZTRAMINER,$7.99,WINE,,
97941,INCANTO DRY MARSALA,$6.99,BEER,,
97940,INCANTO SWEET MARSALA,$6.99,BEER,,
47763,MORGADO TAWNY PORT,$7.99,BEER,,
63324,DONA LUISA AMONTILLADO SHERRY,$6.99,BEER,,
63323,DONA LUISA CREAM SHERRY,$6.99,BEER,,
63325,DONA LUISA PALE DRY SHERRY,$6.99,BEER,,
77841,BELHARA ESTATE MALBEC UCO VALLEY SINGLE VINEYARD,$8.99,BEER,,
75211,DOMAINE DE ARGENTINE MALBEC MENDOZA,$4.99,BEER,,
93058,LA FINCA MALBEC ARGENTINA,$4.99,BEER,,
95559,BLOCK WINE RED SHIRAZ,$12.99,BEER,,
95560,BLOCK WINE WHITE CHARD,$12.99,BEER,,
74183,TJ GR RES BAROSSA VALLEY SHIRAZ LOT 109 2021,$12.99,WINE,,
73972,TJ PET RES SHIRAZ BAROSSA,$7.99,WINE,,
59755,KIDIA ESTATE BOTTLED SAUV BLANC,$5.99,WINE,,
96502,PANILONCO CARMENERE,$4.99,WINE,,
96500,PANILONCO MERLOT MALBEC,$4.99,WINE,,
77191,TJ GRAND RESERVE CABERNET SAUVIGNON MAULE VALLEY,$12.99,WINE,,
98381,VINAS CHILENAS ROSARIO CAB,$4.99,WINE,,
98423,VINAS CHILENAS ROSARIO SAUV BLANC,$4.99,WINE,,
74871,B BY FONBADET,$7.99,WINE,,
76035,BADET CLEMET NDP RED BLEND,$6.99,WINE,,
78754,BARON DE FONTENILLES PAUILLAC,$18.99,WINE,,
58360,BELLES VIGNES SAUV BLANC VIN DE FRANCE,$6.99,WINE,,
70943,BLUE SHELL SAUV BLANC,$7.99,WINE,,
76977,EXCELIUM BORDEAUX SUPERIEUR 2016,$10.99,WINE,,
73598,JOSEPHINE CAB SAUV PAYS DOC,$6.99,WINE,,
51550,LAURENT DUBLANC COTES DU RHONE,$7.99,WINE,,
75740,LES SOMMETS CORBIERES,$6.99,WINE,,
64340,MACON VERZE CHARD,$11.99,WINE,,
62771,MAISON BARBOULOT IGP CAB SYRAH,$7.49,WINE,,
96771,MARIA JOLA SANGRIA 1.5L,$6.99,WINE,,
95190,PONTIFICIS GSM FRANCE,$7.99,WINE,,
76640,QUINSON LA LARME DOR CHABLIS,$16.99,WINE,,
97163,REVELATION VDP CAB-MER FRANCE,$7.99,WINE,,
97161,REVELATION VDP CHARD FRANCE,$7.99,WINE,,
74327,RICHEBOIS COTES DU RHONE VILLAGES,$7.99,WINE,,
76597,TEMOIN DU TEMPS CABERNET SAUVIGNON,$5.99,WINE,,
70495,TENEBRES GSM,$6.99,WINE,,
78325,TJ PLATINUM RESERVE SAINT EMILION LOT 111,$14.99,WINE,,
81577,VIGNOBLES LACHETEAU VOUVRAY,$9.99,WINE,,
91699,VIGNOBLES LACHETEAU MUSCADET SEVRE ET MAINE,$7.99,WINE,,
86258,VIGNOBLES LACHETEAU POUILLY FUME,$15.99,WINE,,
78189,VIN NOUVEAU SYRAH 2023,$5.99,WINE,,
73187,CH DES BERTINS MEDOC,$10.99,WINE,,
69711,CH HAUT CLARIBES,$8.99,WINE,,
58224,CH LE GRAND FAURIE SAINT EMILION GRAND CRU,$19.99,WINE,,
51895,CH TAYAC MARGAUX,$25.99,WINE,,
92948,CH TERTRE DU MOULIN ST EMILION,$17.99,WINE,,
73439,DUVERGEY TABOUREAU SAVIGNY LES BEAUNE,$20.99,WINE,,
95074,LES PORTES DE BORDEAUX,$7.49,WINE,,
51045,LES PORTES DE BORDEAUX BLANC,$7.49,WINE,,
93914,SAUVIGNON DE SEGUIN BORDEAUX BLANC,$7.99,WINE,,
75369,TJ DIAMOND RES PAUILLAC LOT 4,$19.99,WINE,,
40785,DR BECKERMANN LIEBFRAUMILCH,$5.99,WINE,,
61437,EMMA REICHART DRY RIESLING,$5.99,WINE,,
99461,JOSEPH HANDLER RIESLING PFALZ,$7.99,WINE,,
99462,JOSEPH HANDLER SWEET RED GERMANY,$7.99,WINE,,
97214,1967 GRIFONE TOSCANA ROSSO,$6.99,WINE,,
70307,CA STORICA AMARONE DELLA VALPOLICELLA DOCG,$15.99,WINE,,
51041,CASONE TOSCANO SUPER TUSCAN ESTATE IGT,$10.99,WINE,,
66547,CECILIA BERETTA AMARONE DOCG,$23.99,WINE,,
66544,CECILIA BERETTA VALPOLICELLA RIPASSO,$11.99,WINE,,
79457,DAQUINO CHIANTI 1.5LT,$12.99,WINE,,
40631,DAQUINO CHIANTI DOCG,$6.99,WINE,,
92489,EPICURO NERO DAVOLA SICILIA,$5.99,WINE,,
97373,EPICURO PRIMITIVO DI MANDURIA,$6.99,WINE,,
62763,FIOR DI VINO CHIANTI CLASSICO RISERVA,$7.99,WINE,,
97432,GRIFONE PRIMITIVO PUGLIA,$5.99,WINE,,
51006,GRIFONE SANGIOVESE IGT,$4.99,WINE,,
67714,IL BORGO COLLINARE NERO DAVOLA DOC,$6.99,WINE,,
62135,NERO GRANDE APPASIMENTO ROSSO PUGLIA,$6.99,WINE,,
75340,PATROFERNO APPASSIMENTO PRIMITIVO PUGLIA IGT,$12.99,WINE,,
98304,ROSA DELL OLMO BARBERA DASTI,$6.99,WINE,,
98310,ROSA DELL OLMO BAROLO,$14.99,WINE,,
73305,SURYA MOSCATO,$5.99,WINE,,
48838,VILLA CERRINA MONTEPULCIANO DABRUZZO,$5.99,WINE,,
51486,BLOCK WHITE WINE PINOT GRIGIO,$14.99,WINE,,
40636,DAQUINO PINOT GRIGIO,$4.99,WINE,,
74750,GIARDINO PINOT GRIGIO DELLE VENEZIE VIVACE,$5.99,WINE,,
70059,GIARDINO PINOT GRIGIO DOC DELLA VENEZIE,$4.49,WINE,,
48785,VILLA BORGHETTI LUNA PINOT GRIGIO,$6.99,WINE,,
98153,VILLA SONIA PINOT GRIGIO VENEZIA,$6.49,WINE,,
67688,NIKAU POINT SAUV BLANC MARLBOROUGH,$6.99,WINE,,
98693,PICTON BAY NZ SAUV BLANC,$7.99,WINE,,
93912,SAUVIGNON REPUBLIC NEW ZEALAND SB,$8.99,WINE,,
52074,THE PASS SAUV BLANC MARLBOROUGH NZ,$10.99,WINE,,
63002,TUATEA SAUV BLANC MARLBOROUGH CBV,$7.99,WINE,,
61348,EL CASTILLA SYRAH,$8.99,WINE,,
54787,JAVIER SAN PEDRO RANDEZ RIOJA TEMPRANILLO,$7.99,WINE,,
52921,LA GRANJA 360 VERDEJO VIURA,$6.49,WINE,,
93133,LA GRANJA TEMPRANILLO SPAIN,$5.99,WINE,,
53692,LA SONRIENTE GARNACHA SPANISH WINE,$6.99,WINE,,
71661,MARQUES DE COLBERT RESERVA,$5.99,WINE,,
64012,OXTE SILENCE RED BLEND,$5.99,WINE,,
61042,PATON CLEMENTE TEMPRANILLO CRIANZA,$5.99,WINE,,
64250,PUERTA DE PLATA RESERVA 2013,$8.99,WINE,,
64249,SATIS DEI SYRAH GARNACHA,$8.99,WINE,,
60554,VALLOBERA CRIANZA,$10.99,WINE,,
47536,ESPIRAL VINHO VERDE,$5.49,WINE,,
97780,FLORIANA GRUNER VELTLINER,$7.49,WINE,,
60049,GIVON CAB,$7.99,WINE,,
61241,GIVON CHARD KOSHER,$7.99,WINE,,
68082,MANDELA THEMBU SAUV BLANC,$6.99,WINE,,
58887,MBALI CHENIN VIOGNIER,$5.99,WINE,,
58365,PORTA 6 RED WINE,$6.99,WINE,,
72648,ST DONATUS SEMI-SWEET MERLOT,$6.99,WINE,,
74402,VINHA DA FONTE RESERVA 2019,$8.99,WINE,,
72737,HEARTLEAF ROSE,$5.99,WINE,,
62221,AIME LA VIE ROSE SYRAH GRENACHE,$8.99,WINE,,
74830,CELINE COTES DE PROVENCE ROSE,$7.99,WINE,,
60781,DE MONT COTEAUX VARIOS EN PROVENCE ROSE,$10.99,WINE,,
60276,EMMA REICHART PINOT NOIR ROSE,$5.99,WINE,,
97395,ESPIRAL VINHO ROSE,$5.99,WINE,,
63104,FREEDA ROSE,$9.99,WINE,,
72130,GIARDINO PINOT GRIGIO VIVACE ROSE,$5.99,WINE,,
54676,LES PORTES DE BORDEAUX ROSE,$7.49,WINE,,
63005,MOONLIGHT AND ROSES COTEAUX DAIX EN PROVENCE ROSE,$10.99,WINE,,
96769,QUINSON COTES DE PROVENCE ROSE,$9.99,WINE,,
63239,VILLA BORGHETTI PINOT GRIGIO ROSE,$6.99,WINE,,
81576,ALMOND CREEK SPARKLING,$7.99,WINE,,
78320,TJ GRAND RESERVE LOS CARNEROS BRUT LOT 127,$12.99,WINE,,
76792,AMUSE BOUCHE PET NAT,$11.99,WINE,,
77296,ERNEST RAPENEAU BLANC DE BLANCS CHAMPAGNE,$26.99,WINE,,
52265,ERNEST RAPENEAU BRUT CHAMPAGNE 375ML SPLIT,$11.49,WINE,,
58288,LA BURGONDIE CREMANT DE BOURGOGNE BRUT RES,$10.99,WINE,,
58289,LA BURGONDIE CREMANT DE BOURGOGNE ROSE BRUT,$11.99,WINE,,
74751,LA FERME JULIEN SPARKLING ROSE,$7.99,WINE,,
91057,LOUISE DESTREE BRUT FRANCE,$9.99,WINE,,
07124,TJS FRENCH SPARKLING BLANC DE BLANCS,$6.99,WINE,,
72406,TJS FRENCH SPARKLING ROSE,$6.99,WINE,,
72647,SCHLOSS BIEBRICH TROCKEN,$6.99,WINE,,
59269,SECCO GRAPEFRUIT POMPELINI,$5.99,WINE,,
59266,SECCO MANGO MANGOCINI,$5.99,WINE,,
55172,SECCO PEACH BELLINI SPARKLING WINE,$5.99,WINE,,
57860,SECCO STRAWBERRY AND RASPBERRY ROSSINI,$5.99,WINE,,
68954,CABELLI PROSECCO EXTRA DRY,$7.99,WINE,,
70152,CECILIA BERETTA PROSECCO ROSE,$10.99,WINE,,
98098,CECILIA BERETTA PROSECCO SUPERIORE DOCG,$11.99,WINE,,
45522,MARTELLOZZO PROSECCO,$8.99,WINE,,
76177,MEDICI LAMBRUSCO REGGIANO,$5.99,WINE,,
98097,PROSECCO DOC CECILIA BERETTA TREVISO,$9.99,WINE,,
96954,SECCO FRIZZANTE SPARKLING IT,$5.99,WINE,,
67552,SIMPLER WINES MANGO 4PK 250ML,4 FOR $6.99,WINE,,
66280,SIMPLER WINES PEACH 4PK 250ML,4 FOR $6.99,WINE,,
66282,SIMPLER WINES ROSE 4PK 250ML,4 FOR $6.99,WINE,,
66281,SIMPLER WINES WHITE 4PK 250ML,4 FOR $6.99,WINE,,
95322,VILLA ALENA MOSCATO SWEET WINE,$8.99,WINE,,
53418,VILLA ALENA PEACH MOSCATO,$8.99,WINE,,
68523,ZONIN ROSATO SPUMANTE BRUT,$7.99,WINE,,
51348,LA GRANJA CAVA SPAIN,$7.99,WINE,,
40646,M CHEVALLIER BRUT CAVA,$6.99,WINE,,
73011,FREIXENET SPARKLING WHITE ALCOHOL REMOVED,$12.99,WINE,,
02893,BARON HERZOG KOSHER CAB,$12.99,WINE,,
27558,BOGLE CAB,$11.99,WINE,,
12111,CALLAWAY CAB,$5.99,WINE,,
75951,CAYMUS NAPA CAB,$79.99,WINE,,
28991,CHARLES KRUG CAB,$29.99,WINE,,
62697,CLOS DU VAL CAB,$54.99,WINE,,
01016,COPPOLA DIAMOND CLARET,$17.99,WINE,,
57018,DAOU CAB PASO,$24.99,WINE,,
55700,DECOY CAB SONOMA COUNTY,$21.99,WINE,,
57390,EDUCATED GUESS CAB NAPA,$21.99,WINE,,
91681,FRANK FAMILY VINEYARDS NAPA CAB,$54.99,WINE,,
57411,FREAKSHOW CAB,$17.99,WINE,,
77124,HERITANCE CABERNET SAUVIGNON,$39.99,WINE,,
73313,HESS NAPA ALLOMI ESTATE CAB,$39.99,WINE,,
39397,J LOHR CAB SEVEN OAKS,$16.99,WINE,,
52698,JOES GOTT CAB CALIFORNIA,$18.99,WINE,,
56557,JORDAN ALEXANDER VALLEY CAB,$65.99,WINE,,
92061,JOSEPH PHELPS NAPA CAB,$85.99,WINE,,
66978,JOSH CELLARS BOURBON BARREL AGED CAB,$19.99,WINE,,
98459,JOSH CELLARS CAB SONOMA,$15.99,WINE,,
63705,JUGGERNAUT CAB,$17.99,WINE,,
35252,JUSTIN CAB,$24.99,WINE,,
61428,LINE 39 CAB,$8.99,WINE,,
97916,PINE RIDGE NAPA CAB,$54.99,WINE,,
71419,PRISONER CABERNET SAUVIGNON 375ML,$17.99,WINE,,
61089,ROBERT MONDAVI PS BOURBON BARREL AGED CAB,$16.99,WINE,,
97586,RUTHERFORD RANCH CAB,$39.99,WINE,,
42150,ST SUPERY CAB,$49.99,WINE,,
85538,STAGS LEAP WC ARTEMIS CAB,$79.99,WINE,,
76268,STERLING NAPA CAB,$29.99,WINE,,
59275,THE FEDERALIST LODI CAB,$9.99,WINE,,
54456,ACROBAT PINOT NOIR,$16.99,WINE,,
57521,ANGELINE PINOT NOIR,$10.99,WINE,,
57337,ARGYLE PINOT NOIR,$21.99,WINE,,
66169,BOEN PINOT NOIR TRI APPELATION,$19.99,WINE,,
64546,BREAD AND BUTTER PINOT NOIR,$12.99,WINE,,
51885,DECOY PINOT NOIR,$21.99,WINE,,
57312,ERATH PINOT NOIR OREGON,$20.99,WINE,,
41277,FIRESTEED PINOT NOIR,$10.99,WINE,,
96085,GARY FARRELL RR PINOT NOIR,$41.99,WINE,,
76045,INSCRIPTION WILLAMETTE VALLEY PINOT NOIR,$19.99,WINE,,
58465,JOSH PINOT NOIR,$16.99,WINE,,
01377,LA CREMA PINOT NOIR SONOMA,$26.99,WINE,,
61881,LINE 39 PINOT NOIR,$10.99,WINE,,
78056,MACROSTIE SONOMA COAST PINOT NOIR,$27.99,WINE,,
52915,MEIOMI PINOT NOIR,$24.99,WINE,,
86770,PATZ AND HALL SONOMA PINOT NOIR,$39.99,WINE,,
67584,RAEBURN PINOT NOIR,$21.99,WINE,,
57228,RASCAL OREGON PINOT NOIR,$13.99,WINE,,
78417,STANFORD PINOT NOIR 1.5L,$84.99,WINE,,
96660,APOTHIC RED BLEND,$13.99,WINE,,
52303,BOGLE ESSENTIAL RED,$11.99,WINE,,
82508,BOGLE PHANTOM RED,$19.99,WINE,,
76150,HARVEY AND HARRIET RED,$29.99,WINE,,
57713,JOSH CELLARS RED BLEND LEGACY,$16.99,WINE,,
77888,SHANNON RANCH BIG HORN RED 2020,$5.99,WINE,,
78760,THE CONVERT RED BLEND,$4.99,WINE,,
57975,THE PESSIMIST PASO RED BLEND,$24.99,WINE,,
58437,TROUBLEMAKER RED BLEND,$15.99,WINE,,
79270,WENTE RED BLEND MT DIABLO,$12.99,WINE,,
77386,BODEGA SANGRIA,$9.99,WINE,,
27559,BOGLE MERLOT,$10.99,WINE,,
27560,BOGLE OLD VINE ZIN,$11.99,WINE,,
46201,CLINE ANCIENT VINE ZIN,$15.99,WINE,,
78379,DECOY LIMITED MERLOT,$24.99,WINE,,
64985,FOUR VIRTUES BOURBON BARREL ZIN,$15.99,WINE,,
57799,MICHAEL DAVID PETITE PETIT,$13.99,WINE,,
58026,SALDO ZIN BY PRISONER,$32.99,WINE,,
02478,BARON HERZOG KOSHER CHARD,$12.99,WINE,,
78269,BERINGER NAPA VALLEY PRIVATE RES CHARDONNAY,$44.99,WINE,,
78312,BOEN TRI COUNTY CHARDONNAY,$19.99,WINE,,
27557,BOGLE CHARD,$10.99,WINE,,
57800,BREAD AND BUTTER CHARDONNAY,$12.99,WINE,,
57419,BUTTER CHARD,$16.99,WINE,,
77378,CALLAWAY CHARDONNAY,$5.99,WINE,,
55480,CHALK HILL CHARD SONOMA COAST,$19.99,WINE,,
62863,DECOY CHARD SONOMA,$19.99,WINE,,
78865,DIATOM CHARDONNAY,$24.99,WINE,,
89254,FERRARI CARANO CHARD,$23.99,WINE,,
91680,FRANK FAMILY VINEYARDS CHARD,$34.99,WINE,,
78818,GARY FERREL CHARDONNAY RUSSIAN RIVER,$29.99,WINE,,
62081,HARKEN CHARD,$15.99,WINE,,
39396,J LOHR CHARD RIVERSTONE,$11.99,WINE,,
57316,JOSH CELLARS CHARD,$13.99,WINE,,
02627,LA CREMA CHARD SONOMA COAST,$21.99,WINE,,
64555,RAEBURN CHARDONNAY,$17.99,WINE,,
02874,SONOMA CUTRER CHARD,$26.99,WINE,,
98065,STAGS LEAP WC KARIA CHARD,$42.99,WINE,,
98964,BONTERRA ORG SAUV BLANC,$11.99,WINE,,
00719,FERRARI CARANO FUME BLANC,$14.99,WINE,,
96669,JOEL GOTT SAUV BLANC,$14.99,WINE,,
57669,JOSH SAUV BLANC,$13.99,WINE,,
57798,ACROBAT PINOR GRIS,$12.99,WINE,,
76246,CH STE MICHELLE EROICA RIESLING,$23.99,WINE,,
77698,OLIVER WINERY KEY LIME PIE,$8.99,WINE,,
41270,PINE RIDGE CHENIN VIOGNIER,$12.99,WINE,,
79222,SALDO CHENIN BLANC,$14.99,WINE,,
79224,WONDRY STRAWBERRIES AND CREAM,$14.99,WINE,,
78632,WONDRY VANILLA CARAMEL CREAM,$14.99,WINE,,
98608,ALAMOS MALBEC,$10.99,WINE,,
76450,CLOS DE LOS SIETE RED,$17.99,WINE,,
73927,DOMAINE BOUSQUET MALBEC BOX,$19.99,WINE,,
93937,TRAPICHE BROQUEL MALBEC,$12.99,WINE,,
31027,TRAPICHE OAK CASK MALBEC,$7.99,WINE,,
72366,ZOLO MALBEC,$12.99,WINE,,
77390,HARAS DE PIRQUE CHARDONNAY,$10.99,WINE,,
79059,BARTON AND GUESTIER LES CAILLOTTES SANCERRE,$34.99,WINE,,
77401,BILLAUD SIMON CHABLIS,$44.99,WINE,,
73694,CH MARIS LES PLANELS SYRAH,$24.99,WINE,,
73211,CHATEAU DISSAN,$69.99,WINE,,
76939,CHATEAU MAGNOL BORDEAUX,$29.99,WINE,,
77399,FOURNIER SANCERRE BELLES VIGNES,$30.99,WINE,,
77412,GERARD BERTRAND ART DE VIVRE BLANC,$18.99,WINE,,
78045,JACQUES DEPAGNEUX MACON VILLAGE,$20.99,WINE,,
78046,LA CERF BLANC TOURAINE SAUV BLANC,$14.99,WINE,,
46421,LOUIS JADOT BEAUJOLAIS VILLAGES,$12.99,WINE,,
78251,NOILLY PRAT DRY VERMOUTH 375ML,$7.99,WINE,,
78252,NOILLY PRAT SWEET VERMOUTH 375ML,$7.99,WINE,,
73836,OKO ORGANIC PINOT NOIR,$9.99,WINE,,
38631,PERRIN RES COTES DU RHONE ROUGE,$11.99,WINE,,
77404,WILLIAM FEVRE CHABLIS CHAMPS ROYAUX,$29.99,WINE,,
56444,CH BATAILLEY PAUILLAC,$69.99,WINE,,
66129,CH GR PONTET ST EMILION GCC,$29.99,WINE,,
69643,CH LYNCH MOUSSAS BORDEAUX 2016,$49.99,WINE,,
76446,CHATEAU DISSAN 2020,$56.99,WINE,,
76497,CHATEAU GISCOURS 2020,$59.99,WINE,,
76498,CHATEAU GRAND MAYNE 2020,$44.99,WINE,,
76499,CHATEAU GRAND PUY DUCASSE 2020,$39.99,WINE,,
76506,CHATEAU LYNCH MOUSSAS 2020,$39.99,WINE,,
76509,CHATEAU ORMES DE PEZ 2020,$32.99,WINE,,
73872,CHATEAU PRIERURE LICHINE MARGAUX 2020,$45.99,WINE,,
76511,CHATEAU SOCIANDO MALLET 2020,$36.99,WINE,,
94508,BARTENURA KOSHER MOSCATO,$13.99,WINE,,
77417,CAPARZO BRUNELLO DI MONTALCINO,$46.99,WINE,,
78305,DAMILANO BAROLO LACINQUIEVIGNE,$39.99,WINE,,
58246,FRESCOBALDI REMOLE TOSCANA,$5.49,WINE,,
75920,LINA LIMONCELLO CREMA,$17.99,WINE,,
77398,PLANETA LA SEGRETA GRILLO,$14.99,WINE,,
93009,ZACCAGNINI MONTEPULICIANO,$14.99,WINE,,
00314,MEZZACORONA PINOT GRIGIO,$10.99,WINE,,
62568,SANTA MARGHERITA PINOT GRIGIO VALDADIGE,$24.99,WINE,,
74130,KIM CRAWFORD SAUV BLANC,$17.99,WINE,,
31023,NOBILO SAUV BLANC,$14.99,WINE,,
93017,OYSTER BAY SAUV BLANC,$14.99,WINE,,
79377,WAIRAU RIVER SAUVIGNON BLANC,$10.99,WINE,,
76212,ABADIA DE SAN CAMPO ALBARINO,$16.99,WINE,,
36963,CAMPO VIEJO RIOJA RESERVA,$16.99,WINE,,
76848,GALEA ROSE SANGRIA,$12.99,WINE,,
76846,GALEA WHITE SANGRIA,$12.99,WINE,,
76014,MONTECILLO ALBARINO,$16.99,WINE,,
69805,RAIMAT SAIRA ALBARINO,$9.99,WINE,,
78206,ATMA WHITE GREEK,$19.99,WINE,,
27364,CASAL GARCIA VINHO VERDE,$7.49,WINE,,
79268,GABRIELSKLOOF CHENIN BLANC,$19.99,WINE,,
79269,GABRIELSKLOOF SAUVIGNON BLANC,$14.99,WINE,,
91598,GEKKEIKAN PLUM WINE,$14.99,WINE,,
46245,GEKKEIKAN SAKE 180ML,$3.99,WINE,,
94770,JAM JAR SHIRAZ,$8.99,WINE,,
78205,RHOMBUS GENTILINI ROBOLA WHITE,$19.99,WINE,,
77844,TECHNI ALAPIAS RED BLEND,$24.99,WINE,,
77789,TECHNI ALAPIAS WHITE BLEND,$18.99,WINE,,
74650,LISET PET NAT ROSE,$12.99,WINE,,
74581,WOLFFER ROSE COTE DE PROVENCE,$24.99,WINE,,
70335,LA FETE DU ROSE,$19.99,WINE,,
82473,LA VIEILLE FERME COTES DU VENTOUX ROSE,$9.99,WINE,,
58066,WHISPERING ANGEL ROSE,$20.99,WINE,,
42313,DOMAINE CHANDON BRUT CLASSIC,$20.99,WINE,,
00661,GLORIA FERRE BRUT NV,$24.99,WINE,,
78817,IRON HORSE WEDDING CUVEE,$39.99,WINE,,
93159,MUMM NAPA BRUT ROSE,$22.99,WINE,,
88392,SCHRAMSBERG BRUT ROSE,$27.99,WINE,,
28673,SCHRAMSBERG MIRABELLE BRUT,$27.99,WINE,,
02452,MOET AND CHANDON IMPERIAL,$47.99,WINE,,
00322,MUMM CORDON ROUGE,$44.99,WINE,,
02174,PIPER HEIDSIECK CUVEE BRUT,$54.99,WINE,,
75921,POMMERY KOSHER BRUT ROYAL,$59.99,WINE,,
02907,VEUVE CLICQUOT YELLOW LABEL BRUT NV,$55.99,WINE,,
78582,BENVOLIO PROSECCO 187ML,$3.99,WINE,,
96828,LA MARCA PROSECCO,$17.99,WINE,,
98807,MIONETTO PROSECCO BRUT,$12.99,WINE,,
75923,VAL DOCA PROSECCO DOC,$12.99,WINE,,
71304,CIGAR CITY BREWING FLORIDA MAN,6 FOR $11.99,BEER,,
98045,CIGAR CITY BREWING JAI ALAI IPA,6 FOR $11.99,BEER,,
62704,NEW BELGIUM VOODOO RANGER JUICY HAZE IPA,6 FOR $11.99,BEER,,
62549,SIERRA NEVADA HAZY LITTLE THING IPA,6 FOR $11.99,BEER,,
55429,STONE BREWING DELICIOUS IPA,6 FOR $11.99,BEER,,
00307,SIERRA NEVADA PALE ALE 6PK,6 FOR $11.99,BEER,,
25595,NEW BELGIUM FAT TIRE ALE,6 FOR $10.99,BEER,,
53935,NEW HOLLAND BREWING DRAGONS MILK STOUT,4 FOR $14.99,BEER,,
24057,BLUE MOON BELGIAN WHITE,6 FOR $11.99,BEER,,
69850,CIGAR CITY BREWING MARGARITA GOSE,6 FOR $11.49,BEER,,
72527,JUNESHINE HARD KOMBUCHA VARIETY 8PK,8 FOR $18.99,BEER,,
77218,JUNESHINE SUNSET HARD KOMBUCHA VARIETY 8PK,8 FOR $18.99,BEER,,
73312,TOPO CHICO HARD SELTZER VARIETY 12PK,12 FOR $20.99,BEER,,
62178,WHITE CLAW HARD SELTZER VARIETY PACK,12 FOR $18.99,BEER,,
79264,HARP LAGER 4PK CANS,4 FOR $8.99,BEER,,
79265,SMITHWICKS ALE 4PK CANS,4 FOR $8.99,BEER,,
98808,GUINNESS PUB DRAUGHT CAN,4 FOR $9.99,BEER,,
18044,HEINEKEN 6PK,6 FOR $10.99,BEER,,
23842,RED STRIPE LAGER,6 FOR $9.99,BEER,,
73776,ATHLETIC BREWING CO FREE WAVE,6 FO $10.99,BEER,,
65020,ATHLETIC BREWING CO GOLDEN ALE,6 FOR $10.99,BEER,,
76197,LAGUNITAS BREWING HOPPY REFRESHER CANS,6 FOR $8.99,BEER,,
50560,BOLD CITY BREWING KILLER WHALE CREAM ALE,6 FOR $10.99,BEER,,
71465,SOUTH BEACH STRAWBERRY ORANGE MIMOSA,6 FOR $9.99,BEER,,
95807,NARRAGANSETT LAGER 16OZ CAN,6 FOR $8.99,BEER,,
52149,BOLD CITY BREWING DUKES COLD NOSE BROWN ALE,6 FOR $10.99,BEER,,
73413,3 DAUGHTERS RASPBERRY LEMONADE CIDER,6 FOR $10.99,BEER,,
54122,3 DAUGHTERS BREWING BEACH BLOND ALE,6 FOR $10.99,BEER,,
54362,FUNKY BUDDHA BREWERY FLORIDIAN WHEAT,6 FOR $10.99,BEER,,
56434,BIG TOP BREWING CIRCUS CITY IPA,6 FOR $11.99,BEER,,
79417,GOOSE ISLAND TROPICAL BEER HUG HAZY IPA,6 FOR $12.49,BEER,,
57209,GREEN BENCH BREWING SUNSHINE CITY IPA,6 FOR $10.99,BEER,,
64419,MOTORWORKS BREWING PULP FRICTION GRAPEFRUIT IPA,6 FOR $10.99,BEER,,
62768,SWAMPHEAD BREWING BIG NOSE IPA,6 FOR $11.49,BEER,,
76345,3 DAUGHTERS BREWING SMALL BATCH SERIES,6 FOR $11.99,BEER,,
69851,STELLA ARTOIS,6 FOR $10.99,BEER,,
64619,HOEGAARDEN BEER,6 FOR $10.99,BEER,,
98114,ESTRELLA DAMM,6 FOR $11.99,BEER,,
98877,CORONA EXTRA,6 FOR  $10.99,BEER,,
19478,MODELO ESPECIAL,6 FOR $11.99,BEER,,
77266,3 DAUGHTERS BREWING CREAMSICLE VODKA SODA,4 FOR $8.49,BEER,,
70855,CUTWATER SPIRITS RUM MINT MOJITO,4 FOR $11.99,BEER,,
00000,PLACEHOLDER,$0.00,WINE,,
00001,MAKE YOUR OWN 6 PACK,COST VARIES,BEER